{
  "__type__": "cc.SpriteFrame",
  "content": {
    "name": "smallburg_terrain",
    "atlas": "",
    "rect": {
      "x": 16,
      "y": 16,
      "width": 976,
      "height": 144
    },
    "offset": {
      "x": -8,
      "y": 0
    },
    "originalSize": {
      "width": 1024,
      "height": 176
    },
    "rotated": false,
    "capInsets": [
      0,
      0,
      0,
      0
    ],
    "vertices": {
      "rawPosition": [
        -488,
        -72,
        0,
        488,
        -72,
        0,
        -488,
        72,
        0,
        488,
        72,
        0
      ],
      "indexes": [
        0,
        1,
        2,
        2,
        1,
        3
      ],
      "uv": [
        16,
        160,
        992,
        160,
        16,
        16,
        992,
        16
      ],
      "nuv": [
        0.015625,
        0.09090909090909091,
        0.96875,
        0.09090909090909091,
        0.015625,
        0.9090909090909091,
        0.96875,
        0.9090909090909091
      ],
      "minPos": {
        "x": -488,
        "y": -72,
        "z": 0
      },
      "maxPos": {
        "x": 488,
        "y": 72,
        "z": 0
      }
    },
    "texture": "58373e6a-0c07-48bb-aeb7-6d2426d69f39@6c48a",
    "packable": true,
    "pixelsToUnit": 100,
    "pivot": {
      "x": 0.5,
      "y": 0.5
    },
    "meshType": 0
  }
}