{
  "__type__": "cc.SpriteFrame",
  "content": {
    "name": "Effect-4",
    "atlas": "",
    "rect": {
      "x": 86,
      "y": 84,
      "width": 128,
      "height": 123
    },
    "offset": {
      "x": 0,
      "y": 4.5
    },
    "originalSize": {
      "width": 300,
      "height": 300
    },
    "rotated": false,
    "capInsets": [
      0,
      0,
      0,
      0
    ],
    "vertices": {
      "rawPosition": [
        -64,
        -61.5,
        0,
        64,
        -61.5,
        0,
        -64,
        61.5,
        0,
        64,
        61.5,
        0
      ],
      "indexes": [
        0,
        1,
        2,
        2,
        1,
        3
      ],
      "uv": [
        86,
        216,
        214,
        216,
        86,
        93,
        214,
        93
      ],
      "nuv": [
        0.2866666666666667,
        0.31,
        0.7133333333333334,
        0.31,
        0.2866666666666667,
        0.72,
        0.7133333333333334,
        0.72
      ],
      "minPos": {
        "x": -64,
        "y": -61.5,
        "z": 0
      },
      "maxPos": {
        "x": 64,
        "y": 61.5,
        "z": 0
      }
    },
    "texture": "0162263e-21bb-48c5-b6c0-6d97af2328db@6c48a",
    "packable": true,
    "pixelsToUnit": 100,
    "pivot": {
      "x": 0.5,
      "y": 0.5
    },
    "meshType": 0
  }
}