{
  "__type__": "cc.SpriteFrame",
  "content": {
    "name": "efecto_fuego_00011",
    "atlas": "",
    "rect": {
      "x": 15,
      "y": 9,
      "width": 112,
      "height": 423
    },
    "offset": {
      "x": -1,
      "y": -4.5
    },
    "originalSize": {
      "width": 144,
      "height": 432
    },
    "rotated": false,
    "capInsets": [
      0,
      0,
      0,
      0
    ],
    "vertices": {
      "rawPosition": [
        -56,
        -211.5,
        0,
        56,
        -211.5,
        0,
        -56,
        211.5,
        0,
        56,
        211.5,
        0
      ],
      "indexes": [
        0,
        1,
        2,
        2,
        1,
        3
      ],
      "uv": [
        15,
        423,
        127,
        423,
        15,
        0,
        127,
        0
      ],
      "nuv": [
        0.10416666666666667,
        0,
        0.8819444444444444,
        0,
        0.10416666666666667,
        0.9791666666666666,
        0.8819444444444444,
        0.9791666666666666
      ],
      "minPos": {
        "x": -56,
        "y": -211.5,
        "z": 0
      },
      "maxPos": {
        "x": 56,
        "y": 211.5,
        "z": 0
      }
    },
    "texture": "595a0063-a88e-4e29-839e-62bf089ab55e@6c48a",
    "packable": true,
    "pixelsToUnit": 100,
    "pivot": {
      "x": 0.5,
      "y": 0.5
    },
    "meshType": 0
  }
}