{
  "__type__": "cc.SpriteFrame",
  "content": {
    "name": "efecto_fuego_00009",
    "atlas": "",
    "rect": {
      "x": 17,
      "y": 8,
      "width": 112,
      "height": 424
    },
    "offset": {
      "x": 1,
      "y": -4
    },
    "originalSize": {
      "width": 144,
      "height": 432
    },
    "rotated": false,
    "capInsets": [
      0,
      0,
      0,
      0
    ],
    "vertices": {
      "rawPosition": [
        -56,
        -212,
        0,
        56,
        -212,
        0,
        -56,
        212,
        0,
        56,
        212,
        0
      ],
      "indexes": [
        0,
        1,
        2,
        2,
        1,
        3
      ],
      "uv": [
        17,
        424,
        129,
        424,
        17,
        0,
        129,
        0
      ],
      "nuv": [
        0.11805555555555555,
        0,
        0.8958333333333334,
        0,
        0.11805555555555555,
        0.9814814814814815,
        0.8958333333333334,
        0.9814814814814815
      ],
      "minPos": {
        "x": -56,
        "y": -212,
        "z": 0
      },
      "maxPos": {
        "x": 56,
        "y": 212,
        "z": 0
      }
    },
    "texture": "e8b2fdf0-9c75-487c-a066-fcd5b64b7378@6c48a",
    "packable": true,
    "pixelsToUnit": 100,
    "pivot": {
      "x": 0.5,
      "y": 0.5
    },
    "meshType": 0
  }
}