{
  "__type__": "cc.SpriteFrame",
  "content": {
    "name": "smallburg_terrain_spring_with_shadows",
    "atlas": "",
    "rect": {
      "x": 16,
      "y": 16,
      "width": 928,
      "height": 368
    },
    "offset": {
      "x": -24,
      "y": -0.5
    },
    "originalSize": {
      "width": 1008,
      "height": 399
    },
    "rotated": false,
    "capInsets": [
      0,
      0,
      0,
      0
    ],
    "vertices": {
      "rawPosition": [
        -464,
        -184,
        0,
        464,
        -184,
        0,
        -464,
        184,
        0,
        464,
        184,
        0
      ],
      "indexes": [
        0,
        1,
        2,
        2,
        1,
        3
      ],
      "uv": [
        16,
        383,
        944,
        383,
        16,
        15,
        944,
        15
      ],
      "nuv": [
        0.015873015873015872,
        0.03759398496240601,
        0.9365079365079365,
        0.03759398496240601,
        0.015873015873015872,
        0.9598997493734336,
        0.9365079365079365,
        0.9598997493734336
      ],
      "minPos": {
        "x": -464,
        "y": -184,
        "z": 0
      },
      "maxPos": {
        "x": 464,
        "y": 184,
        "z": 0
      }
    },
    "texture": "3f4a8955-01c2-409a-8435-bc200cc537df@6c48a",
    "packable": true,
    "pixelsToUnit": 100,
    "pivot": {
      "x": 0.5,
      "y": 0.5
    },
    "meshType": 0
  }
}