{
  "__type__": "cc.SpriteFrame",
  "content": {
    "name": "Effect-11",
    "atlas": "",
    "rect": {
      "x": 8,
      "y": 20,
      "width": 287,
      "height": 279
    },
    "offset": {
      "x": 1.5,
      "y": -9.5
    },
    "originalSize": {
      "width": 300,
      "height": 300
    },
    "rotated": false,
    "capInsets": [
      0,
      0,
      0,
      0
    ],
    "vertices": {
      "rawPosition": [
        -143.5,
        -139.5,
        0,
        143.5,
        -139.5,
        0,
        -143.5,
        139.5,
        0,
        143.5,
        139.5,
        0
      ],
      "indexes": [
        0,
        1,
        2,
        2,
        1,
        3
      ],
      "uv": [
        8,
        280,
        295,
        280,
        8,
        1,
        295,
        1
      ],
      "nuv": [
        0.02666666666666667,
        0.0033333333333333335,
        0.9833333333333333,
        0.0033333333333333335,
        0.02666666666666667,
        0.9333333333333333,
        0.9833333333333333,
        0.9333333333333333
      ],
      "minPos": {
        "x": -143.5,
        "y": -139.5,
        "z": 0
      },
      "maxPos": {
        "x": 143.5,
        "y": 139.5,
        "z": 0
      }
    },
    "texture": "80d65b5e-2b49-4010-99da-69256f876ad5@6c48a",
    "packable": true,
    "pixelsToUnit": 100,
    "pivot": {
      "x": 0.5,
      "y": 0.5
    },
    "meshType": 0
  }
}