{
  "__type__": "cc.SpriteFrame",
  "content": {
    "name": "paint_red",
    "atlas": "",
    "rect": {
      "x": 0,
      "y": 0,
      "width": 469,
      "height": 359
    },
    "offset": {
      "x": -0.5,
      "y": 0
    },
    "originalSize": {
      "width": 470,
      "height": 359
    },
    "rotated": false,
    "capInsets": [
      0,
      0,
      0,
      0
    ],
    "vertices": {
      "rawPosition": [
        -234.5,
        -179.5,
        0,
        234.5,
        -179.5,
        0,
        -234.5,
        179.5,
        0,
        234.5,
        179.5,
        0
      ],
      "indexes": [
        0,
        1,
        2,
        2,
        1,
        3
      ],
      "uv": [
        0,
        359,
        469,
        359,
        0,
        0,
        469,
        0
      ],
      "nuv": [
        0,
        0,
        0.997872340425532,
        0,
        0,
        1,
        0.997872340425532,
        1
      ],
      "minPos": {
        "x": -234.5,
        "y": -179.5,
        "z": 0
      },
      "maxPos": {
        "x": 234.5,
        "y": 179.5,
        "z": 0
      }
    },
    "texture": "e2c578aa-a0c8-46be-bcd6-f1cdb818f1ba@6c48a",
    "packable": true,
    "pixelsToUnit": 100,
    "pivot": {
      "x": 0.5,
      "y": 0.5
    },
    "meshType": 0
  }
}