{
  "__type__": "cc.SpriteFrame",
  "content": {
    "name": "City_tiles",
    "atlas": "",
    "rect": {
      "x": 0,
      "y": 0,
      "width": 545,
      "height": 700
    },
    "offset": {
      "x": -7.5,
      "y": 2
    },
    "originalSize": {
      "width": 560,
      "height": 704
    },
    "rotated": false,
    "capInsets": [
      0,
      0,
      0,
      0
    ],
    "vertices": {
      "rawPosition": [
        -272.5,
        -350,
        0,
        272.5,
        -350,
        0,
        -272.5,
        350,
        0,
        272.5,
        350,
        0
      ],
      "indexes": [
        0,
        1,
        2,
        2,
        1,
        3
      ],
      "uv": [
        0,
        704,
        545,
        704,
        0,
        4,
        545,
        4
      ],
      "nuv": [
        0,
        0.005681818181818182,
        0.9732142857142857,
        0.005681818181818182,
        0,
        1,
        0.9732142857142857,
        1
      ],
      "minPos": {
        "x": -272.5,
        "y": -350,
        "z": 0
      },
      "maxPos": {
        "x": 272.5,
        "y": 350,
        "z": 0
      }
    },
    "texture": "09c7c4fd-1bb1-44c6-b6b8-53d6372098fd@6c48a",
    "packable": true,
    "pixelsToUnit": 100,
    "pivot": {
      "x": 0.5,
      "y": 0.5
    },
    "meshType": 0
  }
}