{
  "__type__": "cc.SpriteFrame",
  "content": {
    "name": "cs-ba",
    "atlas": "",
    "rect": {
      "x": 0,
      "y": 128,
      "width": 999,
      "height": 310
    },
    "offset": {
      "x": -0.5,
      "y": 21
    },
    "originalSize": {
      "width": 1000,
      "height": 608
    },
    "rotated": false,
    "capInsets": [
      0,
      0,
      0,
      0
    ],
    "vertices": {
      "rawPosition": [
        -499.5,
        -155,
        0,
        499.5,
        -155,
        0,
        -499.5,
        155,
        0,
        499.5,
        155,
        0
      ],
      "indexes": [
        0,
        1,
        2,
        2,
        1,
        3
      ],
      "uv": [
        0,
        480,
        999,
        480,
        0,
        170,
        999,
        170
      ],
      "nuv": [
        0,
        0.27960526315789475,
        0.999,
        0.27960526315789475,
        0,
        0.7894736842105263,
        0.999,
        0.7894736842105263
      ],
      "minPos": {
        "x": -499.5,
        "y": -155,
        "z": 0
      },
      "maxPos": {
        "x": 499.5,
        "y": 155,
        "z": 0
      }
    },
    "texture": "28974bc3-f2e4-4a81-a402-d716d17c19a7@6c48a",
    "packable": true,
    "pixelsToUnit": 100,
    "pivot": {
      "x": 0.5,
      "y": 0.5
    },
    "meshType": 0
  }
}