{
  "__type__": "cc.SpriteFrame",
  "content": {
    "name": "panel",
    "atlas": "",
    "rect": {
      "x": 8,
      "y": 2,
      "width": 509,
      "height": 558
    },
    "offset": {
      "x": -0.5,
      "y": -0.5
    },
    "originalSize": {
      "width": 526,
      "height": 561
    },
    "rotated": false,
    "capInsets": [
      0,
      0,
      0,
      0
    ],
    "vertices": {
      "rawPosition": [
        -254.5,
        -279,
        0,
        254.5,
        -279,
        0,
        -254.5,
        279,
        0,
        254.5,
        279,
        0
      ],
      "indexes": [
        0,
        1,
        2,
        2,
        1,
        3
      ],
      "uv": [
        8,
        559,
        517,
        559,
        8,
        1,
        517,
        1
      ],
      "nuv": [
        0.015209125475285171,
        0.0017825311942959,
        0.9828897338403042,
        0.0017825311942959,
        0.015209125475285171,
        0.9964349376114082,
        0.9828897338403042,
        0.9964349376114082
      ],
      "minPos": {
        "x": -254.5,
        "y": -279,
        "z": 0
      },
      "maxPos": {
        "x": 254.5,
        "y": 279,
        "z": 0
      }
    },
    "texture": "6a0179db-b0bc-4905-8953-8ab076a3cfd6@6c48a",
    "packable": true,
    "pixelsToUnit": 100,
    "pivot": {
      "x": 0.5,
      "y": 0.5
    },
    "meshType": 0
  }
}