{
  "__type__": "cc.SpriteFrame",
  "content": {
    "name": "efecto_fuego_00010",
    "atlas": "",
    "rect": {
      "x": 9,
      "y": 8,
      "width": 118,
      "height": 424
    },
    "offset": {
      "x": -4,
      "y": -4
    },
    "originalSize": {
      "width": 144,
      "height": 432
    },
    "rotated": false,
    "capInsets": [
      0,
      0,
      0,
      0
    ],
    "vertices": {
      "rawPosition": [
        -59,
        -212,
        0,
        59,
        -212,
        0,
        -59,
        212,
        0,
        59,
        212,
        0
      ],
      "indexes": [
        0,
        1,
        2,
        2,
        1,
        3
      ],
      "uv": [
        9,
        424,
        127,
        424,
        9,
        0,
        127,
        0
      ],
      "nuv": [
        0.0625,
        0,
        0.8819444444444444,
        0,
        0.0625,
        0.9814814814814815,
        0.8819444444444444,
        0.9814814814814815
      ],
      "minPos": {
        "x": -59,
        "y": -212,
        "z": 0
      },
      "maxPos": {
        "x": 59,
        "y": 212,
        "z": 0
      }
    },
    "texture": "71dbdcd5-d564-4005-92f8-f1b61c4ace2e@6c48a",
    "packable": true,
    "pixelsToUnit": 100,
    "pivot": {
      "x": 0.5,
      "y": 0.5
    },
    "meshType": 0
  }
}