{
  "__type__": "cc.SpriteFrame",
  "content": {
    "name": "bex1",
    "atlas": "",
    "rect": {
      "x": 1,
      "y": 0,
      "width": 77,
      "height": 74
    },
    "offset": {
      "x": 0,
      "y": 0.5
    },
    "originalSize": {
      "width": 79,
      "height": 75
    },
    "rotated": false,
    "capInsets": [
      0,
      0,
      0,
      0
    ],
    "vertices": {
      "rawPosition": [
        -38.5,
        -37,
        0,
        38.5,
        -37,
        0,
        -38.5,
        37,
        0,
        38.5,
        37,
        0
      ],
      "indexes": [
        0,
        1,
        2,
        2,
        1,
        3
      ],
      "uv": [
        1,
        75,
        78,
        75,
        1,
        1,
        78,
        1
      ],
      "nuv": [
        0.012658227848101266,
        0.013333333333333334,
        0.9873417721518988,
        0.013333333333333334,
        0.012658227848101266,
        1,
        0.9873417721518988,
        1
      ],
      "minPos": {
        "x": -38.5,
        "y": -37,
        "z": 0
      },
      "maxPos": {
        "x": 38.5,
        "y": 37,
        "z": 0
      }
    },
    "texture": "397a0ece-b137-474f-89ed-de23addacf36@6c48a",
    "packable": true,
    "pixelsToUnit": 100,
    "pivot": {
      "x": 0.5,
      "y": 0.5
    },
    "meshType": 0
  }
}