{
  "__type__": "cc.SpriteFrame",
  "content": {
    "name": "Effect-10",
    "atlas": "",
    "rect": {
      "x": 0,
      "y": 0,
      "width": 300,
      "height": 299
    },
    "offset": {
      "x": 0,
      "y": 0.5
    },
    "originalSize": {
      "width": 300,
      "height": 300
    },
    "rotated": false,
    "capInsets": [
      0,
      0,
      0,
      0
    ],
    "vertices": {
      "rawPosition": [
        -150,
        -149.5,
        0,
        150,
        -149.5,
        0,
        -150,
        149.5,
        0,
        150,
        149.5,
        0
      ],
      "indexes": [
        0,
        1,
        2,
        2,
        1,
        3
      ],
      "uv": [
        0,
        300,
        300,
        300,
        0,
        1,
        300,
        1
      ],
      "nuv": [
        0,
        0.0033333333333333335,
        1,
        0.0033333333333333335,
        0,
        1,
        1,
        1
      ],
      "minPos": {
        "x": -150,
        "y": -149.5,
        "z": 0
      },
      "maxPos": {
        "x": 150,
        "y": 149.5,
        "z": 0
      }
    },
    "texture": "0ac23244-9b49-4e66-b826-aba411c9a168@6c48a",
    "packable": true,
    "pixelsToUnit": 100,
    "pivot": {
      "x": 0.5,
      "y": 0.5
    },
    "meshType": 0
  }
}