{
  "__type__": "cc.SpriteFrame",
  "content": {
    "name": "Effect-7",
    "atlas": "",
    "rect": {
      "x": 28,
      "y": 36,
      "width": 244,
      "height": 234
    },
    "offset": {
      "x": 0,
      "y": -3
    },
    "originalSize": {
      "width": 300,
      "height": 300
    },
    "rotated": false,
    "capInsets": [
      0,
      0,
      0,
      0
    ],
    "vertices": {
      "rawPosition": [
        -122,
        -117,
        0,
        122,
        -117,
        0,
        -122,
        117,
        0,
        122,
        117,
        0
      ],
      "indexes": [
        0,
        1,
        2,
        2,
        1,
        3
      ],
      "uv": [
        28,
        264,
        272,
        264,
        28,
        30,
        272,
        30
      ],
      "nuv": [
        0.09333333333333334,
        0.1,
        0.9066666666666666,
        0.1,
        0.09333333333333334,
        0.88,
        0.9066666666666666,
        0.88
      ],
      "minPos": {
        "x": -122,
        "y": -117,
        "z": 0
      },
      "maxPos": {
        "x": 122,
        "y": 117,
        "z": 0
      }
    },
    "texture": "08078969-ceec-46d6-b660-82dd792138d6@6c48a",
    "packable": true,
    "pixelsToUnit": 100,
    "pivot": {
      "x": 0.5,
      "y": 0.5
    },
    "meshType": 0
  }
}