{
  "__type__": "cc.SpriteFrame",
  "content": {
    "name": "SmallBurg_outside_assets",
    "atlas": "",
    "rect": {
      "x": 16,
      "y": 14,
      "width": 493,
      "height": 448
    },
    "offset": {
      "x": 6.5,
      "y": 1
    },
    "originalSize": {
      "width": 512,
      "height": 478
    },
    "rotated": false,
    "capInsets": [
      0,
      0,
      0,
      0
    ],
    "vertices": {
      "rawPosition": [
        -246.5,
        -224,
        0,
        246.5,
        -224,
        0,
        -246.5,
        224,
        0,
        246.5,
        224,
        0
      ],
      "indexes": [
        0,
        1,
        2,
        2,
        1,
        3
      ],
      "uv": [
        16,
        464,
        509,
        464,
        16,
        16,
        509,
        16
      ],
      "nuv": [
        0.03125,
        0.03347280334728033,
        0.994140625,
        0.03347280334728033,
        0.03125,
        0.9707112970711297,
        0.994140625,
        0.9707112970711297
      ],
      "minPos": {
        "x": -246.5,
        "y": -224,
        "z": 0
      },
      "maxPos": {
        "x": 246.5,
        "y": 224,
        "z": 0
      }
    },
    "texture": "79ea8bc3-55e4-4161-87f4-d8417199f7b7@6c48a",
    "packable": true,
    "pixelsToUnit": 100,
    "pivot": {
      "x": 0.5,
      "y": 0.5
    },
    "meshType": 0
  }
}