{
  "__type__": "cc.SpriteFrame",
  "content": {
    "name": "efecto_fuego_00008",
    "atlas": "",
    "rect": {
      "x": 9,
      "y": 6,
      "width": 119,
      "height": 426
    },
    "offset": {
      "x": -3.5,
      "y": -3
    },
    "originalSize": {
      "width": 144,
      "height": 432
    },
    "rotated": false,
    "capInsets": [
      0,
      0,
      0,
      0
    ],
    "vertices": {
      "rawPosition": [
        -59.5,
        -213,
        0,
        59.5,
        -213,
        0,
        -59.5,
        213,
        0,
        59.5,
        213,
        0
      ],
      "indexes": [
        0,
        1,
        2,
        2,
        1,
        3
      ],
      "uv": [
        9,
        426,
        128,
        426,
        9,
        0,
        128,
        0
      ],
      "nuv": [
        0.0625,
        0,
        0.8888888888888888,
        0,
        0.0625,
        0.9861111111111112,
        0.8888888888888888,
        0.9861111111111112
      ],
      "minPos": {
        "x": -59.5,
        "y": -213,
        "z": 0
      },
      "maxPos": {
        "x": 59.5,
        "y": 213,
        "z": 0
      }
    },
    "texture": "0d854dfe-e5ef-4ff7-8b3a-2c63f57b4063@6c48a",
    "packable": true,
    "pixelsToUnit": 100,
    "pivot": {
      "x": 0.5,
      "y": 0.5
    },
    "meshType": 0
  }
}