{
  "__type__": "cc.SpriteFrame",
  "content": {
    "name": "Effect-3",
    "atlas": "",
    "rect": {
      "x": 111,
      "y": 107,
      "width": 69,
      "height": 74
    },
    "offset": {
      "x": -4.5,
      "y": 6
    },
    "originalSize": {
      "width": 300,
      "height": 300
    },
    "rotated": false,
    "capInsets": [
      0,
      0,
      0,
      0
    ],
    "vertices": {
      "rawPosition": [
        -34.5,
        -37,
        0,
        34.5,
        -37,
        0,
        -34.5,
        37,
        0,
        34.5,
        37,
        0
      ],
      "indexes": [
        0,
        1,
        2,
        2,
        1,
        3
      ],
      "uv": [
        111,
        193,
        180,
        193,
        111,
        119,
        180,
        119
      ],
      "nuv": [
        0.37,
        0.39666666666666667,
        0.6,
        0.39666666666666667,
        0.37,
        0.6433333333333333,
        0.6,
        0.6433333333333333
      ],
      "minPos": {
        "x": -34.5,
        "y": -37,
        "z": 0
      },
      "maxPos": {
        "x": 34.5,
        "y": 37,
        "z": 0
      }
    },
    "texture": "7b3a54f4-3125-441b-a76e-6a0810ddb098@6c48a",
    "packable": true,
    "pixelsToUnit": 100,
    "pivot": {
      "x": 0.5,
      "y": 0.5
    },
    "meshType": 0
  }
}