{
  "__type__": "cc.SpriteFrame",
  "content": {
    "name": "Effect-8",
    "atlas": "",
    "rect": {
      "x": 10,
      "y": 21,
      "width": 280,
      "height": 267
    },
    "offset": {
      "x": 0,
      "y": -4.5
    },
    "originalSize": {
      "width": 300,
      "height": 300
    },
    "rotated": false,
    "capInsets": [
      0,
      0,
      0,
      0
    ],
    "vertices": {
      "rawPosition": [
        -140,
        -133.5,
        0,
        140,
        -133.5,
        0,
        -140,
        133.5,
        0,
        140,
        133.5,
        0
      ],
      "indexes": [
        0,
        1,
        2,
        2,
        1,
        3
      ],
      "uv": [
        10,
        279,
        290,
        279,
        10,
        12,
        290,
        12
      ],
      "nuv": [
        0.03333333333333333,
        0.04,
        0.9666666666666667,
        0.04,
        0.03333333333333333,
        0.93,
        0.9666666666666667,
        0.93
      ],
      "minPos": {
        "x": -140,
        "y": -133.5,
        "z": 0
      },
      "maxPos": {
        "x": 140,
        "y": 133.5,
        "z": 0
      }
    },
    "texture": "91cc176a-7fae-4efa-a97b-53ccb18d63f9@6c48a",
    "packable": true,
    "pixelsToUnit": 100,
    "pivot": {
      "x": 0.5,
      "y": 0.5
    },
    "meshType": 0
  }
}