{
  "__type__": "cc.SpriteFrame",
  "content": {
    "name": "Effect-6",
    "atlas": "",
    "rect": {
      "x": 58,
      "y": 45,
      "width": 207,
      "height": 210
    },
    "offset": {
      "x": 11.5,
      "y": 0
    },
    "originalSize": {
      "width": 300,
      "height": 300
    },
    "rotated": false,
    "capInsets": [
      0,
      0,
      0,
      0
    ],
    "vertices": {
      "rawPosition": [
        -103.5,
        -105,
        0,
        103.5,
        -105,
        0,
        -103.5,
        105,
        0,
        103.5,
        105,
        0
      ],
      "indexes": [
        0,
        1,
        2,
        2,
        1,
        3
      ],
      "uv": [
        58,
        255,
        265,
        255,
        58,
        45,
        265,
        45
      ],
      "nuv": [
        0.19333333333333333,
        0.15,
        0.8833333333333333,
        0.15,
        0.19333333333333333,
        0.85,
        0.8833333333333333,
        0.85
      ],
      "minPos": {
        "x": -103.5,
        "y": -105,
        "z": 0
      },
      "maxPos": {
        "x": 103.5,
        "y": 105,
        "z": 0
      }
    },
    "texture": "7c7529e4-5710-4e94-ad74-45ccf3f84bbc@6c48a",
    "packable": true,
    "pixelsToUnit": 100,
    "pivot": {
      "x": 0.5,
      "y": 0.5
    },
    "meshType": 0
  }
}