{
  "__type__": "cc.SpriteFrame",
  "content": {
    "name": "helmet",
    "atlas": "",
    "rect": {
      "x": 5,
      "y": 5,
      "width": 190,
      "height": 176
    },
    "offset": {
      "x": 0,
      "y": 0
    },
    "originalSize": {
      "width": 200,
      "height": 186
    },
    "rotated": false,
    "capInsets": [
      0,
      0,
      0,
      0
    ],
    "vertices": {
      "rawPosition": [
        -95,
        -88,
        0,
        95,
        -88,
        0,
        -95,
        88,
        0,
        95,
        88,
        0
      ],
      "indexes": [
        0,
        1,
        2,
        2,
        1,
        3
      ],
      "uv": [
        5,
        181,
        195,
        181,
        5,
        5,
        195,
        5
      ],
      "nuv": [
        0.025,
        0.026881720430107527,
        0.975,
        0.026881720430107527,
        0.025,
        0.9731182795698925,
        0.975,
        0.9731182795698925
      ],
      "minPos": {
        "x": -95,
        "y": -88,
        "z": 0
      },
      "maxPos": {
        "x": 95,
        "y": 88,
        "z": 0
      }
    },
    "texture": "a47a6013-b8ef-4f76-8a70-0a5d0f2ba81b@6c48a",
    "packable": true,
    "pixelsToUnit": 100,
    "pivot": {
      "x": 0.5,
      "y": 0.5
    },
    "meshType": 0
  }
}